name,image
yohji yamamoto,brands/brand-yohjiyamamoto.jpg
Acne Studios,brands/brand-acne.png
ANN DEMEULEMEESTER,brands/brand-ANN DEMEULEMEESTER.png
AURALEE,brands/brand-AURALEE.jpg
BALENCIAGA,brands/brand-balenciaga.png
COMOLI,brands/brand-comoli.png
COMME des GARÇONS,brands/brand-garcons.jpg
Hender Scheme,brands/brand-hender-scheme.png
HOMME PLISSÉ ISSEY MIYAKE,brands/brand-hommeplisse.jpg
ISSEY MIYAKE MEN,brands/brand-isseymiyakemen.jpg
KENZO,brands/brand-kenzo.png
MAISON KITSUNÉ,brands/brand-kitsune.png
lucien pellat-finet,brands/brand-lucien pellat-finet.jpg
Maison Margiela,brands/brand-maisonmargiela.png
MARGARET HOWELL,brands/brand-margaret-howell.jpg
MARNI,brands/brand-marni.png
RAF SIMONS,brands/brand-raf-simons.png
SUN SEA,brands/brand-sunsea.jpg
UNDERCOVER,brands/brand-UNDERCOVER.jpg
UNUSED,brands/brand-unused.jpg
Y-3,brands/brand-y-3.jpg
DIGAWEL,brands/brand-digawel.png
DRIES VAN NOTEN,brands/brand-dreisvannoten.png
ETHOSENS,brands/brand-ethosens.png
FACETASM,brands/brand-facetasm.png
G.V.G.V.,brands/brand-GVGV.jpg
GIVENCHY,brands/brand-Givenchy.png
HYSTERIC GLAMOUR,brands/brand-HYSTERICGLAMOUR.jpg
JOHN LAWRENCE SULLIVAN,brands/brand-johnlawrencesullivan.jpg
JUNYA WATANABE COMME des GARÇONS,brands/brand-junyawatanabe.jpg
kolor,brands/brand-kolor.png
LAD MUSICIAN,brands/brand-LAD.jpg
LIMI feu,brands/brand-limifeu.jpg
N.HOOLYWOOD,brands/brand-NHOOLYWOOD.png
Name.,brands/brand-name.png
OFF-WHITE,brands/brand-off-white.png
Paul Smith,brands/brand-PaulSmith.png
Rick Owens,brands/brand-RickOwens.png
sacai,brands/brand-sacai.png
TOGA,brands/brand-TOGA.jpg
TOM FORD,brands/brand-TOMFORD.jpg
visvim,brands/brand-visvim.png
Vivienne Westwood,brands/brand-Vivienne Westwood.jpg
WACKO MARIA,brands/brand-WACKOMARIA.jpg
Whitehouse Cox,brands/brand-shitehousecox.jpg
XLARGE,brands/brand-XLARGE.gif
Y's,brands/brand-ys.png
YAECA,brands/brand-YAECA.png
3.1 Phillip Lim,brands/brand-31PhillipLim.jpg